Vendor|CardName|AnnualFee|BenefitDescription|AdditionalDetails|BenefitCategory|TimeCategory|DollarValue|EnrollmentRequired|EffectiveDate|BenefitDescriptionShort|BenefitType|NumericValue|NumericType|slug-id
Chase|Chase Sapphire Preferred Card|95|$50 Annual Chase Travel Hotel Credit||Hotel|Annually (anniversary year)|50|False|2025-11-29|Hotel Credit|Credit|50.0|Cash|chase-sapphire-preferred-card
Chase|Chase Sapphire Preferred Card|95|10% anniversary points bonus based on total purchases in prior account anniversary year||Anniversary Bonus|Annually (anniversary year)||False|2025-11-29|Anniversary Bonus|Bonus|10.0|Percent|chase-sapphire-preferred-card
Chase|Chase Sapphire Preferred Card|95|Complimentary DashPass membership|activate by 12/31/2027|Delivery|Minimum 12 months from activation|120|False|2025-11-29|DashPass|Perk|120|Cash|chase-sapphire-preferred-card
American Express|American Express Gold Card|325|$120 Uber Cash for U.S. rides & Uber Eats|$10 monthly|Rideshare,Food Delivery|Monthly|120|False|2025-11-29|Uber Cash|Credit|120.0|Cash|american-express-gold-card
American Express|American Express Gold Card|325|$120 Dining Credit|$10 monthly at Grubhub The Cheesecake Factory Goldbelly Wine.com Five Guys|Dining|Monthly|120|True|2025-11-29|Dining Credit|Credit|120.0|Cash|american-express-gold-card
American Express|American Express Gold Card|325|$100 Resy Credit|$50 semi-annually|Dining|Semi-annually|100|True|2025-11-29|Resy Credit|Credit|100.0|Cash|american-express-gold-card
American Express|American Express Gold Card|325|$84 Dunkin' Credit|$7 monthly|Dining|Monthly|84|True|2025-11-29|Dunkin Credit|Credit|84.0|Cash|american-express-gold-card
American Express|American Express Gold Card|325|$100 Hotel Collection Credit on qualifying 2-night minimum stays via Amex Travel||Hotel|Per qualifying stay|100|False|2025-11-29|Hotel Credit|Credit|100.0|Cash|american-express-gold-card
Capital One|Capital One Venture X Rewards Credit Card|395|$300 annual travel credit for bookings through Capital One Travel||Travel|Annually (anniversary year)|300|False|2025-11-29|Travel Credit|Credit|300.0|Cash|capital-one-venture-x-rewards-credit-card
Capital One|Capital One Venture X Rewards Credit Card|395|10,000 anniversary bonus miles each account anniversary||Anniversary Bonus|Annually (anniversary year)|100|False|2025-11-29|Anniversary Miles|Bonus|10000|Miles|capital-one-venture-x-rewards-credit-card
Capital One|Capital One Venture X Rewards Credit Card|395|Unlimited Capital One Lounge & Priority Pass lounge access|+2 guests free|Lounge Access|Permanent||False|2025-11-29|Lounge Access|Access|3|Lounge|capital-one-venture-x-rewards-credit-card
Capital One|Capital One Venture X Rewards Credit Card|395|Global Entry or TSA PreCheck application fee credit|up to $120|Travel Security|Every 4 years|120|False|2025-11-29|TSA Credit|Credit|120.0|Cash|capital-one-venture-x-rewards-credit-card
Capital One|Capital One Venture X Rewards Credit Card|395|Hertz President's Circle elite status|enrollment required|Rental Cars|Permanent||True|2025-11-29|Hertz Status|Status||N/A|capital-one-venture-x-rewards-credit-card
Chase|Chase Freedom Unlimited|0|Complimentary DashPass membership|activate by 12/31/2027|Delivery|Minimum 12 months from activation|120|False|2025-11-29|DashPass|Perk|120|Cash|chase-freedom-unlimited
Wells Fargo|Wells Fargo Active Cash Card|0|Cell phone protection when bill paid with card|up to $600 per claim $25 deductible|Cell Phone Protection|Permanent (per claim)|600|False|2025-11-29|Phone Protection|Protection|600|N/A|wells-fargo-active-cash-card
American Express|Blue Cash Preferred Card from American Express|95|$120 Disney Bundle Credit|$10 monthly for enrolled bundle subscription|Streaming|Monthly|120|False|2025-11-29|Disney Credit|Credit|120.0|Cash|blue-cash-preferred-card-from-american-express
Capital One|Capital One Venture Rewards Credit Card|95|Global Entry or TSA PreCheck application fee credit|up to $120|Travel Security|Every 4 years|120|False|2025-11-29|TSA Credit|Credit|120.0|Cash|capital-one-venture-rewards-credit-card
Chase|Chase Sapphire Reserve|795|$300 Annual Travel Credit|applies to broad travel purchases|Travel|Annually (cardmember year)|300|False|2025-11-29|Travel Credit|Credit|300.0|Cash|chase-sapphire-reserve
Chase|Chase Sapphire Reserve|795|$500 The Edit by Chase Travel hotel credit|$250 semi-annually on prepaid 2-night stays|Hotel|Semi-annually (calendar year)|500|False|2025-11-29|The Edit Hotel Credit|Credit|500.0|Cash|chase-sapphire-reserve
Chase|Chase Sapphire Reserve|795|Global Entry / TSA PreCheck / NEXUS fee credit|up to $120 every 4 years|Travel|Every 4 years|120|False|2025-11-29|Trusted Traveler Credit|Credit|120.0|Cash|chase-sapphire-reserve
Chase|Chase Sapphire Reserve|795|Priority Pass Select airport lounge membership|includes Chase Sapphire Lounges access|Lounge|Ongoing|0|False|2025-11-29|Priority Pass|Perk|3|Lounge|chase-sapphire-reserve
Chase|Chase Sapphire Reserve|795|DoorDash credits|monthly promos totaling $300 per year|Delivery|Monthly|300|False|2025-11-29|DoorDash Credit|Credit|300.0|Cash|chase-sapphire-reserve
Chase|Chase Sapphire Reserve|795|StubHub & viagogo credits|entertainment credits totaling $300 per year|Entertainment|Monthly|300|False|2025-11-29|Entertainment Credit|Credit|300.0|Cash|chase-sapphire-reserve
Chase|Chase Sapphire Reserve|795|Lyft credits|credits totaling $120 per year plus bonus points|Rideshare|Monthly|120|False|2025-11-29|Lyft Credit|Credit|120.0|Cash|chase-sapphire-reserve
Chase|Chase Sapphire Reserve|795|Peloton credits|credits totaling $120 per year plus bonus points|Fitness|Monthly|120|False|2025-11-29|Peloton Credit|Credit|120.0|Cash|chase-sapphire-reserve
Chase|Chase Sapphire Reserve|795|Complimentary IHG One Rewards Platinum Elite status||Hotel Status|Ongoing||False|2025-11-29|IHG Platinum Status|Status|1|Upgrade|chase-sapphire-reserve
Chase|Chase Sapphire Reserve|795|Sapphire Reserve Exclusive Tables dining benefits|exclusive dining access and credits|Dining|Ongoing||False|2025-11-29|Exclusive Tables|Perk|1|Perk|chase-sapphire-reserve
American Express|American Express Platinum Card|895|$200 Airline Fee Credit|selected airline|Airline|Annually (calendar year)|200|True|2025-11-29|Airline Credit|Credit|200.0|Cash|american-express-platinum-card
American Express|American Express Platinum Card|895|$600 Hotel Credit on prepaid Fine Hotels + Resorts or The Hotel Collection|$300 semi-annually|Hotel|Semi-annually|600|False|2025-11-29|Hotel Credit|Credit|600.0|Cash|american-express-platinum-card
American Express|American Express Platinum Card|895|$209 CLEAR Plus Credit||Travel Security|Annually (calendar year)|209|True|2025-11-29|CLEAR Credit|Credit|209.0|Cash|american-express-platinum-card
American Express|American Express Platinum Card|895|$200 Uber Cash|$15 monthly + $20 bonus December|Rideshare,Food Delivery|Monthly|200|False|2025-11-29|Uber Cash|Credit|200.0|Cash|american-express-platinum-card
American Express|American Express Platinum Card|895|$300 Digital Entertainment Credit|$25 monthly|Streaming,Entertainment|Monthly|300|True|2025-11-29|Entertainment Credit|Credit|300.0|Cash|american-express-platinum-card
American Express|American Express Platinum Card|895|$400 Resy Credit|$100 quarterly|Dining|Quarterly|400|True|2025-11-29|Resy Credit|Credit|400.0|Cash|american-express-platinum-card
American Express|American Express Platinum Card|895|$300 lululemon Credit|$75 quarterly|Shopping,Fitness|Quarterly|300|True|2025-11-29|lululemon Credit|Credit|300.0|Cash|american-express-platinum-card
American Express|American Express Platinum Card|895|$155 Walmart+ monthly membership credit|plus tax|Shopping|Monthly|155|False|2025-11-29|Walmart+ Credit|Credit|155.0|Cash|american-express-platinum-card
American Express|American Express Platinum Card|895|$100 Saks Fifth Avenue credit|$50 semi-annually|Shopping|Semi-annually|100|True|2025-11-29|Saks Credit|Credit|100.0|Cash|american-express-platinum-card
American Express|American Express Platinum Card|895|$300 Equinox Credit||Fitness|Annually (calendar year)|300|True|2025-11-29|Equinox Credit|Credit|300.0|Cash|american-express-platinum-card
American Express|American Express Platinum Card|895|$200 Oura Ring Credit||Fitness,Wellness|Annually (calendar year)|200|True|2025-11-29|Oura Credit|Credit|200.0|Cash|american-express-platinum-card
Wells Fargo|Wells Fargo Reflect Card|0|Cell phone protection when bill paid with card|up to $600 per claim $25 deductible|Cell Phone Protection|Permanent (per claim)|600|False|2025-11-29|Phone Protection|Protection|600|N/A|wells-fargo-reflect-card
Chase|Chase Freedom Flex|0|Complimentary DashPass membership|activate by 12/31/2027|Delivery|Minimum 12 months from activation|120|False|2025-11-29|DashPass|Perk|120|Cash|chase-freedom-flex
Citi|Citi Strata Premier Card|95|$100 annual hotel savings benefit on $500+ single stay through CitiTravel.com||Hotel|Annually (calendar year)|100|False|2025-11-29|Hotel Savings|Credit|100.0|Cash|citi-strata-premier-card
American Express|Blue Cash Everyday Card from American Express|0|$84 Disney Bundle Credit|$7 monthly for enrolled bundle|Streaming|Monthly|84|True|2025-11-29|Disney Credit|Credit|84.0|Cash|blue-cash-everyday-card-from-american-express
Chase|United Explorer Card|95|Free first checked bag for cardholder + 1 companion on United flights|terms apply|Airline|Permanent||False|2025-11-29|Free Bag|Perk||N/A|united-explorer-card
Chase|United Explorer Card|95|Priority boarding on United flights||Airline|Permanent||False|2025-11-29|Priority Boarding|Perk||N/A|united-explorer-card
Chase|United Explorer Card|95|2 United Club one-time passes each cardmember anniversary||Lounge Access|Annually (anniversary year)||False|2025-11-29|Club Passes|Perk|2.0|Lounge|united-explorer-card
Chase|United Explorer Card|95|Global Entry/TSA PreCheck/NEXUS fee credit|up to $120|Travel Security|Every 4 years|120|False|2025-11-29|TSA Credit|Credit|120.0|Cash|united-explorer-card
Chase|United Explorer Card|95|25% back on United inflight & Club premium drink purchases||Airline|Permanent||False|2025-11-29|Inflight Savings|Savings|25.0|Percent|united-explorer-card
Chase|Marriott Bonvoy Boundless Credit Card|95|Free Night Award each cardmember anniversary|up to 35,000 points|Hotel|Annually (anniversary year)||False|2025-11-29|Free Night|Free Night|1|FreeNight|marriott-bonvoy-boundless-credit-card
Chase|Marriott Bonvoy Boundless Credit Card|95|15 Elite Night Credits annually||Hotel Status|Permanent (calendar year)||False|2025-11-29|Elite Credits|Bonus|15|N/A|marriott-bonvoy-boundless-credit-card
American Express|Delta SkyMiles Platinum American Express Card|350|Annual Companion Certificate|Main Cabin domestic/round-trip|Airline|Annually (renewal)||False|2025-11-29|Companion Certificate|Perk||N/A|delta-skymiles-platinum-american-express-card
American Express|Delta SkyMiles Platinum American Express Card|350|Global Entry/TSA PreCheck credit||Travel Security|Every 4-4.5 years|120|False|2025-11-29|TSA Credit|Credit|120.0|Cash|delta-skymiles-platinum-american-express-card
American Express|Delta SkyMiles Platinum American Express Card|350|$120 Resy Credit||Dining|Annually (calendar year)|120|True|2025-11-29|Resy Credit|Credit|120|Cash|delta-skymiles-platinum-american-express-card
American Express|Delta SkyMiles Platinum American Express Card|350|$120 Rideshare Credit||Rideshare|Annually (calendar year)|120|True|2025-11-29|Rideshare Credit|Credit|120|Cash|delta-skymiles-platinum-american-express-card
American Express|Delta SkyMiles Platinum American Express Card|350|$150 Delta Stays Credit||Hotel|Annually (calendar year)|150|True|2025-11-29|Delta Stays Credit|Credit|150|Cash|delta-skymiles-platinum-american-express-card
American Express|Hilton Honors American Express Surpass Card|150|Hilton Honors Gold status||Hotel Status|Permanent||True|2025-11-29|Gold Status|Status||N/A|hilton-honors-american-express-surpass-card
American Express|Hilton Honors American Express Surpass Card|150|$200 Hilton credit|$50 quarterly|Hotel|Quarterly|200|False|2025-11-29|Hilton Credit|Credit|200.0|Cash|hilton-honors-american-express-surpass-card
American Express|Hilton Honors American Express Surpass Card|150|Free Night Reward after $15,000 spend in calendar year||Hotel|Calendar year||False|2025-11-29|Free Night|Perk|1|FreeNight|hilton-honors-american-express-surpass-card
Chase|Southwest Rapid Rewards Priority Credit Card|149|7,500 anniversary bonus points each year||Anniversary Bonus|Annually (anniversary year)||False|2025-11-29|Anniversary Points|Bonus|7500|Points|southwest-rapid-rewards-priority-credit-card
Chase|Southwest Rapid Rewards Priority Credit Card|149|$75 annual Southwest travel credit||Airline|Annually (calendar year)|75|False|2025-11-29|Southwest Credit|Credit|75.0|Cash|southwest-rapid-rewards-priority-credit-card
Chase|Southwest Rapid Rewards Priority Credit Card|149|4 Upgraded Boardings per year|when available|Airline|Per year||False|2025-11-29|Upgraded Boardings|Perk|4|Upgrade|southwest-rapid-rewards-priority-credit-card
Chase|Southwest Rapid Rewards Priority Credit Card|149|25% back on inflight purchases||Airline|Permanent||False|2025-11-29|Inflight Savings|Savings|25.0|Percent|southwest-rapid-rewards-priority-credit-card
Chase|IHG One Rewards Premier Credit Card|99|Anniversary Free Night Award|up to 40,000 points|Hotel|Annually (anniversary year)||False|2025-11-29|Free Night|Free Night|1|FreeNight|ihg-one-rewards-premier-credit-card
Chase|IHG One Rewards Premier Credit Card|99|$100 statement credit + 10,000 points after $20,000 spend annually||Hotel|Calendar year||False|2025-11-29|Spend Bonus|Bonus|10000|N/A|ihg-one-rewards-premier-credit-card
Chase|IHG One Rewards Premier Credit Card|99|Global Entry/TSA PreCheck credit||Travel Security|Every 4 years|120|False|2025-11-29|TSA Credit|Credit|120.0|Cash|ihg-one-rewards-premier-credit-card
Chase|IHG One Rewards Premier Credit Card|99|Platinum Elite status||Hotel Status|Permanent||False|2025-11-29|Platinum Status|Status||N/A|ihg-one-rewards-premier-credit-card
American Express|American Express Green Card|150|$189 CLEAR Plus Credit||Travel Security|Annually (calendar year)|189|True|2025-11-29|CLEAR Credit|Credit|189.0|Cash|american-express-green-card
American Express|American Express Green Card|150|$100 LoungeBuddy credit||Lounge Access|Annually (calendar year)|100|False|2025-11-29|LoungeBuddy Credit|Credit|100.0|Lounge|american-express-green-card
Chase|United Quest Card|250|Free first & second checked bag on United flights|terms apply|Airline|Permanent||False|2025-11-29|Free Bags|Perk||N/A|united-quest-card
Chase|United Quest Card|250|$125 annual United purchase credit||Airline|Annually (calendar year)|125|False|2025-11-29|United Credit|Credit|125.0|Cash|united-quest-card
Chase|United Quest Card|250|Up to 10,000-mile award flight discount|twice per year|Airline|Calendar year||False|2025-11-29|Award Discount|Bonus|20000|Miles|united-quest-card
Citi|Citi Simplicity Card|0|No late fees no penalty rate no annual fee||Card Protection|Permanent||False|2025-11-29|No Fees|Perk||N/A|citi-simplicity-card
Chase|The World of Hyatt Credit Card|95|Anniversary Free Night Award|Category 1-4|Hotel|Annually (anniversary year)||False|2025-11-29|Free Night|Perk|1|FreeNight|the-world-of-hyatt-credit-card
Chase|The World of Hyatt Credit Card|95|Additional Free Night Award after $15,000 spend annually||Hotel|Calendar year||False|2025-11-29|Spend Free Night|Perk|1|FreeNight|the-world-of-hyatt-credit-card
Chase|The World of Hyatt Credit Card|95|Discoverist status||Hotel Status|Permanent||False|2025-11-29|Discoverist Status|Status||N/A|the-world-of-hyatt-credit-card
American Express|Marriott Bonvoy Brilliant American Express Card|650|Platinum Elite status||Hotel Status|Permanent||False|2025-11-29|Platinum Status|Status||N/A|marriott-bonvoy-brilliant-american-express-card
American Express|Marriott Bonvoy Brilliant American Express Card|650|$300 Marriott dining statement credit|up to $25 monthly|Dining,Hotel|Monthly|300|False|2025-11-29|Marriott Dining|Credit|300.0|Cash|marriott-bonvoy-brilliant-american-express-card
American Express|Marriott Bonvoy Brilliant American Express Card|650|85,000-point Free Night Award annually after renewal||Hotel|Annually (anniversary year)||False|2025-11-29|Free Night|Free Night|1|FreeNight|marriott-bonvoy-brilliant-american-express-card
American Express|Delta SkyMiles Reserve American Express Card|650|Annual Companion Certificate|First Class/Comfort+/Main Cabin|Airline|Annually (renewal)||False|2025-11-29|Companion Certificate|Perk||N/A|delta-skymiles-reserve-american-express-card
American Express|Delta SkyMiles Reserve American Express Card|650|Delta Sky Club access|15 visits per year; unlimited after $75,000 spend|Lounge Access|Permanent (Medallion year)||False|2025-11-29|Sky Club Access|Access|15.0|Lounge|delta-skymiles-reserve-american-express-card
American Express|Hilton Honors Aspire Card from American Express|550|Diamond status||Hotel Status|Permanent||False|2025-11-29|Diamond Status|Status||N/A|hilton-honors-aspire-card-from-american-express
American Express|Hilton Honors Aspire Card from American Express|550|$250 Hilton resort credit||Hotel|Annually (calendar year)|250|False|2025-11-29|Resort Credit|Credit|250.0|Cash|hilton-honors-aspire-card-from-american-express
American Express|Hilton Honors Aspire Card from American Express|550|$250 airline fee credit||Airline|Annually (calendar year)|250|False|2025-11-29|Airline Credit|Credit|250.0|Cash|hilton-honors-aspire-card-from-american-express
American Express|Hilton Honors Aspire Card from American Express|550|Annual Free Weekend Night Reward||Hotel|Annually (anniversary year)||False|2025-11-29|Free Night|Perk|1|FreeNight|hilton-honors-aspire-card-from-american-express
Chase|Aeroplan Credit Card|95|Free first checked bag on Air Canada flights|for cardholder + up to 8 companions|Airline|Permanent||False|2025-11-29|Free Bag|Perk||N/A|aeroplan-credit-card
Chase|Aeroplan Credit Card|95|Global Entry/TSA PreCheck credit||Travel Security|Every 4 years|120|False|2025-11-29|TSA Credit|Credit|120.0|Cash|aeroplan-credit-card
Chase|British Airways Visa Signature Card|95|Travel Together Ticket after $30,000 spend annually||Airline|Calendar year||False|2025-11-29|Travel Together|Perk||N/A|british-airways-visa-signature-card
Capital One|Capital One Platinum Secured Credit Card|0|Credit line increase potential after on-time payments||Credit Building|Permanent||False|2025-11-29|Credit Building|Perk||N/A|capital-one-platinum-secured-credit-card
Chase|Chase Slate Edge|0|0% intro APR offers|ongoing benefit is potential APR reduction with on-time payments|Credit Building|Permanent||False|2025-11-29|APR Reduction|Perk||N/A|chase-slate-edge
Chase|IHG One Rewards Traveler Credit Card|0|Silver Elite status||Hotel Status|Permanent||False|2025-11-29|Silver Status|Status||N/A|ihg-one-rewards-traveler-credit-card
Chase|IHG One Rewards Traveler Credit Card|0|Fourth Reward Night Free on award stays||Hotel|Permanent||False|2025-11-29|Fourth Night Free|Perk||N/A|ihg-one-rewards-traveler-credit-card
Chase|United Club Card|525|United Club membership|unlimited access + 2 guests|Lounge Access|Permanent||False|2025-11-29|Club Membership|Access|3|Lounge|united-club-card
Chase|United Club Card|525|Free first & second checked bag on United flights||Airline|Permanent||False|2025-11-29|Free Bags|Perk||N/A|united-club-card
U.S. Bank|U.S. Bank Shield™ Visa Card|0|Cell phone protection up to $600 per claim|$25 deductible|Cell Phone Protection|Permanent (per claim)|600|False|2025-11-29|Phone Protection|Protection|600|N/A|us-bank-shield-visa-card
Goldman Sachs|Apple Card|0|Daily Cash deposited daily|can be automatic to Savings account with interest|Savings Interest|Permanent||False|2025-11-29|Daily Cash|Perk||N/A|apple-card
Citi|Costco Anywhere Visa Card by Citi|0|Annual reward certificate redeemable at U.S. Costco warehouses||Shopping|Annually (February statement)||False|2025-11-29|Reward Certificate|Perk||N/A|costco-anywhere-visa-card-by-citi
Bank of America|Bank of America Premium Rewards Credit Card|95|Rewards Boost|Up to 75% more points with Preferred Rewards status||Permanent||False|2025-11-29|Rewards Boost|Bonus|75|Percent|bank-of-america-premium-rewards-credit-card
Bank of America|Bank of America Premium Rewards Credit Card|95|$100 annual airline incidental credit||Airline|Annually (calendar year)|100|False|2025-11-29|Airline Credit|Credit|100.0|Cash|bank-of-america-premium-rewards-credit-card
Bank of America|Bank of America Premium Rewards Credit Card|95|Up to $100 Global Entry or TSA PreCheck application fee credit||Travel Security|Every 4 years|100|False|2025-11-29|TSA Credit|Credit|100.0|Cash|bank-of-america-premium-rewards-credit-card
Citi|Citi Secured Mastercard|0|No rewards or cash back|credit-building card|Credit Building|Permanent||False|2025-11-29|Credit Building|Perk||N/A|citi-secured-mastercard
Synchrony|Amazon Store Card|0|Special financing offers on Amazon.com purchases|no rewards without Prime|Shopping,Amazon|Permanent||False|2025-11-29|Special Financing|Perk||N/A|amazon-store-card
Wells Fargo|Wells Fargo Reflect Secured Credit Card|0|Cell phone protection up to $600 per claim|$25 deductible|Cell Phone Protection|Permanent (per claim)|600|False|2025-11-29|Phone Protection|Protection|600|N/A|wells-fargo-reflect-secured-credit-card
PenFed|PenFed Pathfinder Rewards Visa Signature Card|95|$100 annual airline credit||Airline|Permanent (calendar year)|100|False|2025-11-29|Airline Credit|Credit|100.0|Cash|penfed-pathfinder-rewards-visa-signature-card
U.S. Bank|U.S. Bank Altitude Connect Visa Signature Card|0|Up to $100 Global Entry/TSA PreCheck credit||Travel Security|Every 4 years|100|False|2025-11-29|TSA Credit|Credit|100.0|Cash|us-bank-altitude-connect-visa-signature-card
U.S. Bank|U.S. Bank Altitude Connect Visa Signature Card|0|4 Priority Pass Select visits per year||Lounge Access|Permanent||False|2025-11-29|Priority Pass|Access|4.0|Lounge|us-bank-altitude-connect-visa-signature-card
U.S. Bank|U.S. Bank Altitude Reserve Visa Infinite Card|400|$325 annual travel/dining credit||Travel,Dining|Annually (anniversary year)|325|False|2025-11-29|Travel & Dining Credit|Credit|325.0|Cash|us-bank-altitude-reserve-visa-infinite-card
U.S. Bank|U.S. Bank Altitude Reserve Visa Infinite Card|400|12 Priority Pass visits per year|unlimited guests at $32 each after|Lounge Access|Permanent||False|2025-11-29|Priority Pass|Access|12.0|Lounge|us-bank-altitude-reserve-visa-infinite-card
U.S. Bank|U.S. Bank Altitude Reserve Visa Infinite Card|400|Global Entry/TSA PreCheck credit||Travel Security|Every 4 years|100|False|2025-11-29|TSA Credit|Credit|100.0|Cash|us-bank-altitude-reserve-visa-infinite-card
PayPal Credit|PayPal Credit|0|Promotional financing offers on PayPal purchases||Online Shopping|Permanent||False|2025-11-29|Promotional Financing|Perk||N/A|paypal-credit
Wells Fargo|Bilt Mastercard|0|Rent Day double points bonus (1st of each month)|doubles non-rent categories (6x dining, 4x travel, 2x other); max 10,000 bonus points per Rent Day|Dining,Travel,All Purchases|Monthly||False|2025-12-06|Rent Day Bonus|Bonus|0|N/A|bilt-mastercard
Wells Fargo|Bilt Mastercard|0|Cell phone protection when bill paid with card|up to $800 per claim, $25 deductible (max $1,000 reimbursement per 12-month period)|Cell Phone Protection|Permanent (per claim)|800|False|2025-12-06|Phone Protection|Protection|800|N/A|bilt-mastercard
Wells Fargo|Bilt Mastercard|0|No foreign transaction fees||Travel|Permanent||False|2025-12-06|No FTF|Perk||N/A|bilt-mastercard
Chase|Ink Business Preferred Credit Card|95|Complimentary DashPass membership|activate by 12/31/2027|Delivery|Minimum 12 months from activation||True|2025-12-07|DashPass|Perk|120|Cash|ink-business-preferred-credit-card
Chase|Ink Business Preferred Credit Card|95|Up to $10 quarterly statement credit on one non-restaurant DoorDash order||Delivery|Quarterly|40|True|2025-12-07|DoorDash Non-Restaurant Credit|Credit|40.0|Cash|ink-business-preferred-credit-card
Chase|Ink Business Preferred Credit Card|95|Cell phone protection|up to $1,000 per claim ($100 deductible), max 3 claims per 12 months|Cell Phone Protection|Per Claim|1000|False|2025-12-07|Cell Phone Protection|Protection|1000|N/A|ink-business-preferred-credit-card
Chase|Ink Business Preferred Credit Card|95|Primary auto rental collision damage waiver|up to vehicle MSRP value (most vehicles)|Rental Cars|Per Claim||False|2025-12-07|Primary Rental Coverage|Protection||N/A|ink-business-preferred-credit-card
Chase|Ink Business Preferred Credit Card|95|No foreign transaction fees||Travel|Permanent||False|2025-12-07|No FTF|Perk||N/A|ink-business-preferred-credit-card
Chase|Ink Business Premier Credit Card|195|Cell phone protection|up to $1,000 per claim ($100 deductible), max 3 claims per 12 months|Cell Phone Protection|Per Claim|1000|False|2025-12-07|Cell Phone Protection|Protection|1000|N/A|ink-business-premier-credit-card
American Express|The Business Platinum Card from American Express|695|$200 Airline Fee Credit|incidental fees, selected airline, enrollment required|Airline|Annually (calendar year)|200|True|2025-12-07|Airline Fee Credit|Credit|200.0|Cash|the-business-platinum-card-from-american-express
American Express|The Business Platinum Card from American Express|695|$400 Dell Technologies Credit|$200 semi-annually, enrollment required|Tech|Semi-annually|400|True|2025-12-07|Dell Credit|Credit|400.0|Cash|the-business-platinum-card-from-american-express
American Express|The Business Platinum Card from American Express|695|$360 Indeed Credit|$90 quarterly, enrollment required|Hiring|Quarterly|360|True|2025-12-07|Indeed Credit|Credit|360.0|Cash|the-business-platinum-card-from-american-express
American Express|The Business Platinum Card from American Express|695|$150 Adobe Annual Credit|enrollment required|Software|Annually|150|True|2025-12-07|Adobe Credit|Credit|150.0|Cash|the-business-platinum-card-from-american-express
American Express|The Business Platinum Card from American Express|695|$120 Wireless Telephone Credit|$10 monthly on U.S. providers, enrollment required|Telecom|Monthly|120|True|2025-12-07|Wireless Credit|Credit|120.0|Cash|the-business-platinum-card-from-american-express
American Express|The Business Platinum Card from American Express|695|$189 CLEAR Plus Credit|enrollment required|Travel Security|Annually|189|True|2025-12-07|CLEAR Credit|Credit|189.0|Cash|the-business-platinum-card-from-american-express
American Express|The Business Platinum Card from American Express|695|$155 Walmart+ monthly membership credit||Shopping|Monthly|155|True|2025-12-07|Walmart+ Credit|Credit|155.0|Cash|the-business-platinum-card-from-american-express
American Express|The Business Platinum Card from American Express|695|Centurion, Priority Pass, Delta Sky Club & more lounge access|unlimited + 2 guests (some networks)|Lounge Access|Permanent||True|2025-12-07|Global Lounge Access|Access|3|Lounge|the-business-platinum-card-from-american-express
American Express|American Express Business Gold Card|375|$240 Flexible Business Credit|$20 monthly at select merchants (FedEx, Grubhub, office supplies), enrollment required|Business Expenses|Monthly|240|True|2025-12-07|Flexible Business Credit|Credit|240.0|Cash|american-express-business-gold-card
American Express|American Express Business Gold Card|375|$155 Walmart+ monthly membership credit||Shopping|Monthly|155|True|2025-12-07|Walmart+ Credit|Credit|155.0|Cash|american-express-business-gold-card
Capital One|Capital One Spark Cash Plus|150|Annual fee refunded as statement credit|when you spend $150,000+ annually|Annual Fee Refund|Annually (cardmember year)|150|False|2025-12-07|Annual Fee Refund|Credit|150.0|Cash|capital-one-spark-cash-plus
Capital One|Capital One Spark Miles for Business|95|Global Entry or TSA PreCheck fee credit|up to $120 every 4 years|Travel Security|Every 4 years|120|False|2025-12-07|TSA/Global Entry Credit|Credit|120.0|Cash|capital-one-spark-miles-for-business
Capital One|Capital One Spark Miles for Business|95|Hertz Five Star elite status|enrollment required|Rental Cars|Permanent||True|2025-12-07|Hertz Status|Status||N/A|capital-one-spark-miles-for-business
Bank of America|Bank of America® Travel Rewards Credit Card|0|No foreign transaction fees||Travel|Ongoing|50|False|2025-12-08|No Foreign Transaction Fees|Perk||N/A|bank-of-america-travel-rewards-credit-card
Bank of America|Bank of America® Travel Rewards Credit Card|0|25%-75% more points bonus on every purchase|Bonus percentage depends on Preferred Rewards tier (requires qualifying Bank of America/Merrill balances)|Rewards Bonus|Ongoing||False|2025-12-08|Preferred Rewards Bonus|Bonus|75.0|Percent|bank-of-america-travel-rewards-credit-card
American Express|The Blue Business® Plus Credit Card from American Express|0|No foreign transaction fees||Travel|Ongoing|50|False|2025-12-08|No Foreign Transaction Fees|Perk||N/A|blue-business-plus-credit-card-from-american-express
American Express|The Blue Business® Plus Credit Card from American Express|0|Free additional employee cards||Business Management|Ongoing|25|False|2025-12-08|Free Employee Cards|Perk||N/A|blue-business-plus-credit-card-from-american-express
Capital One|Capital One VentureOne Rewards Credit Card|0|No foreign transaction fees||Travel|Ongoing|50|False|2025-12-08|No Foreign Transaction Fees|Perk||N/A|capital-one-ventureone-rewards-credit-card
Capital One|Capital One VentureOne Rewards Credit Card|0|Ability to transfer miles to 15+ airline and hotel partners||Redemption Flexibility|Ongoing||False|2025-12-08|Miles Transfer Partners|Perk||N/A|capital-one-ventureone-rewards-credit-card
Capital One|Capital One VentureOne Rewards Credit Card|0|Complimentary Hertz Five Star® status|Skip the counter, wider selection of cars, etc.; limited-time benefit|Car Rental|Ongoing|150|True|2025-12-08|Hertz Five Star Status|Perk||N/A|capital-one-ventureone-rewards-credit-card
Discover|Discover it® Miles|0|No foreign transaction fees||Travel|Ongoing|50|False|2025-12-08|No Foreign Transaction Fees|Perk||N/A|discover-it-miles
Discover|Discover it® Miles|0|Free FICO® Credit Scorecard access|View on monthly statements or online|Credit Monitoring|Ongoing|10|False|2025-12-08|Free FICO Score|Perk||N/A|discover-it-miles
Wells Fargo|Wells Fargo Autograph℠ Card|0|No foreign transaction fees||Travel|Ongoing|50|False|2025-12-08|No Foreign Transaction Fees|Perk||N/A|wells-fargo-autograph-card
Wells Fargo|Wells Fargo Autograph℠ Card|0|Cell phone protection|Up to $600 per claim ($1,200 annual max, 2 claims per 12 months), $25 deductible; must pay monthly phone bill with card|Protection|Ongoing|100|False|2025-12-08|Cell Phone Protection|Protection|600|N/A|wells-fargo-autograph-card
Huntington|Huntington Voice Rewards Credit Card|0|No penalty APR (rate does not increase if you pay late)||Financial Protection|Ongoing|40|False|2025-12-08|No Penalty APR|Perk||N/A|huntington-voice-visa-card
Huntington|Huntington Voice Rewards Credit Card|0|Roadside Dispatch|24/7 pay-per-use hotline for towing, lockout service, fuel delivery, tire change, etc.|Roadside Assistance|Ongoing|25|False|2025-12-08|Roadside Dispatch|Perk||N/A|huntington-voice-visa-card
Navy Federal Credit Union|Navy Federal nRewards Secured Credit Card|0|No foreign transaction fees||Travel|Ongoing|50|False|2025-12-08|No Foreign Transaction Fees|Perk||N/A|navy-federal-nrewards-secured-credit-card
Navy Federal Credit Union|Navy Federal nRewards Secured Credit Card|0|No cash advance fees|Except small flat fee at non-Navy Federal ATMs ($0.50 domestic/$1.00 foreign)|Financial|Ongoing|50|False|2025-12-08|No Cash Advance Fees|Perk||N/A|navy-federal-nrewards-secured-credit-card
PNC|PNC Premier Traveler Visa Signature Credit Card|85|No foreign transaction fees||Travel|Ongoing|50|False|2025-12-08|No Foreign Transaction Fees|Perk||N/A|pnc-premier-traveler-visa-signature-credit-card
PNC|PNC Premier Traveler Visa Signature Credit Card|85|Visa Signature Luxury Hotel Collection benefits|Automatic room upgrade (when available), $25 F&B credit, late checkout, best available rate guarantee, etc. when booked via the Visa Signature Luxury Hotel portal|Hotel|Per stay|100|False|2025-12-08|Luxury Hotel Collection Benefits|Perk||N/A|pnc-premier-traveler-visa-signature-credit-card
Citi|Citi Strata Elite Card|595|Up to $300 off a hotel stay of 2 nights or more booked through cititravel.com||Hotel|Annually (calendar year)|300|False|2025-07-28|Hotel Credit|Credit|300.0|Cash|citi-strata-elite-card
Citi|Citi Strata Elite Card|595|Up to $200 in statement credits on choice of up to 2 brands: 1stDibs, American Airlines (exclusions apply), Best Buy, Future Personal Training, Live Nation (exclusions apply)||Lifestyle|Annually (calendar year)|200|False|2025-07-28|Splurge Credit|Credit|200.0|Cash|citi-strata-elite-card
Citi|Citi Strata Elite Card|595|Up to $200 in statement credits when booking with Blacklane. Up to $100 Jan-Jun and $100 Jul-Dec||Transportation|Annually (calendar year)|200|False|2025-07-28|Blacklane Credit|Credit|200.0|Cash|citi-strata-elite-card
Citi|Citi Strata Elite Card|595|Complimentary access to 1,500+ airport lounges worldwide||Airport Lounge|Annually|469|False|2025-07-28|Priority Pass Membership|Membership|| |citi-strata-elite-card
Citi|Citi Strata Elite Card|595|Receive 4 Admirals Club Passes for access to nearly 50 lounges||Airport Lounge|Annually (calendar year)|300|False|2025-07-28|Admirals Club Passes|Access|4.0|Passes|citi-strata-elite-card
Citi|Citi Strata Elite Card|595|Statement credit up to $120 every 4 years for Global Entry or TSA PreCheck application fee||Travel Security|Every 4 years|120|False|2025-07-28|Application Fee Credit|Credit|120.0|Cash|citi-strata-elite-card
Citi|Citi Strata Elite Card|595|$145 annual credit for qualifying Citigold clients|Requires qualifying Citigold account|Banking|Annually|145|True|2025-07-28|Citigold Credit|Credit|145.0|Cash|citi-strata-elite-card
Citi|Citi Strata Elite Card|595|$595 first year and $145 annually thereafter for qualifying Citigold Private Clients|Requires qualifying Citigold Private Client account|Banking|First year and annually|595|True|2025-07-28|Private Client Credit|Credit|595.0|Cash|citi-strata-elite-card
Citi|Citi Strata Elite Card|595|Various travel insurances including Trip Delay Protection, Trip Cancellation and Interruption, Lost Luggage, Car Rental Insurance, Extended Warranty||Travel Protection|Per occurrence||False|2025-07-28|Travel Protections|Insurance|| |citi-strata-elite-card
Citi|Citi Strata Elite Card|595|No foreign transaction fees||Fee Waiver|Ongoing||False|2025-07-28|No Foreign Fees|Waiver|0.0|Percent|citi-strata-elite-card
Chase|Chase Sapphire Reserve|795|Complimentary Apple TV+ and Apple Music subscription|Activate through Chase portal; valid through 6/2027|Streaming|Annually|250|True|2025-12-24|Apple TV+ & Music|Perk|250|Cash|chase-sapphire-reserve
Chase|Chase Sapphire Reserve|795|$300 StubHub and viagogo statement credit|$150 semi-annually (Jan-Jun and Jul-Dec)|Entertainment|Semi-annually|300|False|2025-12-24|StubHub Credit|Credit|300|Cash|chase-sapphire-reserve
Capital One|Capital One Venture X Rewards Credit Card|395|Complimentary PRIOR travel subscription|Access to curated travel guides and priority bookings|Travel|Annually|149|True|2025-12-24|PRIOR Subscription|Perk|149|Cash|capital-one-venture-x-rewards-credit-card
Wells Fargo|Bilt Mastercard|0|Rent Day double points bonus|Earn double points on the 1st of every month (max 10,000 bonus points)|Rewards Bonus|Monthly|0|False|2025-12-24|Rent Day Bonus|Bonus|0|N/A|bilt-mastercard
Wells Fargo|Bilt Mastercard|0|$60 annual Lyft credit|$5 credit every month after taking 3 qualifying rides|Rideshare|Monthly|60|False|2025-12-24|Lyft Credit|Credit|60|Cash|bilt-mastercard
Chase|Prime Visa|0|Complimentary Grubhub+ membership|Free for one year via Amazon Prime membership|Food Delivery|Annually|120|True|2025-12-24|Grubhub+ Membership|Perk|120|Cash|prime-visa
Chase|Prime Visa|0|$150 Instant Amazon Gift Card|Welcome gift upon approval|Shopping|One-time|150|False|2025-12-24|Gift Card|Perk|150|Cash|prime-visa
U.S. Bank|U.S. Bank Altitude Connect Visa Signature Card|0|GigSky Global Mobile Data eSIM|1GB of global data per year for international travel|Travel|Annually|50|True|2025-12-24|GigSky Global Data|Perk|50|Cash|us-bank-altitude-connect-visa-signature-card
U.S. Bank|U.S. Bank Altitude Connect Visa Signature Card|0|SmartDelay Lounge Access|Lounge access for you and 3 guests if your flight is delayed 1+ hour|Lounge Access|Per occurrence|50|True|2025-12-24|SmartDelay|Access|1|Lounge|us-bank-altitude-connect-visa-signature-card
Goldman Sachs|Apple Card|0|High-Yield Savings Account access|Automatically deposit Daily Cash into a high-yield account|Savings Interest|Ongoing|0|False|2025-12-24|HYSA Access|Perk|0|N/A|apple-card
Goldman Sachs|Apple Card|0|Apple Card Monthly Installments (ACMI)|0% APR financing on new Apple hardware purchases|Financial Protection|Ongoing|0|False|2025-12-24|0% Financing|Perk|0|N/A|apple-card
Chase|Chase Freedom Unlimited|0|Up to $40 annual DoorDash non-restaurant credit|$10 off one non-restaurant order quarterly|Delivery|Quarterly|40|True|2025-12-24|DoorDash NR Credit|Credit|40|Cash|chase-freedom-unlimited
Chase|Chase Freedom Flex|0|Up to $40 annual DoorDash non-restaurant credit|$10 off one non-restaurant order quarterly|Delivery|Quarterly|40|True|2025-12-24|DoorDash NR Credit|Credit|40|Cash|chase-freedom-flex
Citi|Citi Strata Elite Card|595|Death & Co Cocktail Tutorials|Complimentary mixology and cocktail tutorials|Lifestyle|Ongoing|50|True|2025-12-24|Mixology Classes|Perk|50|Cash|citi-strata-elite-card
Discover|Discover it Cash Back|0|Free FICO Credit Score access|View score monthly on your statement or mobile app|Credit Monitoring|Monthly|10|False|2025-12-24|Free FICO Score|Perk|10|Cash|discover-it-cash-back
Synchrony|Sam’s Club Mastercard|0|5% back on Gas worldwide|Up to $6,000 per year, then 1%|Rewards Bonus|Annually|300|False|2025-12-24|Gas Rewards|Bonus|5|Percent|sams-club-mastercard
Bank of America|Bank of America Customized Cash Rewards credit card for Students|0|Flexible 3% Cash Back Category|Choice of Gas, Online Shopping, Dining, Travel, etc.|Rewards Bonus|Monthly|0|False|2025-12-24|Flexible Bonus|Bonus|3|Percent|bank-of-america-customized-cash-rewards-credit-card-for-students
Citi|Citi Double Cash Card|0|$0 Liability on unauthorized charges|Protection against fraudulent transactions|Card Protection|Ongoing|0|False|2025-12-24|Fraud Protection|Protection|0|N/A|citi-double-cash-card
PNC|PNC Cash Rewards Visa Credit Card|0|PNC Purchase Analysis|Digital tools to track and categorize spending|Business Management|Ongoing|0|False|2025-12-24|Spending Tools|Perk|0|N/A|pnc-cash-rewards-visa-credit-card
Capital One|Capital One Quicksilver Secured Cash Rewards Credit Card|0|Automatic Credit Line Review|Potential to move to an unsecured card|Credit Building|Ongoing|0|False|2025-12-24|Credit Review|Perk|0|N/A|capital-one-quicksilver-secured-cash-rewards-credit-card
Discover|Discover it Student Chrome|0|$20 Statement credit for GPA|$20 per school year for GPA 3.0 or higher|Rewards Bonus|Annually|20|True|2025-12-24|Good Grade Bonus|Bonus|20|Cash|discover-it-student-chrome
Chase|Ink Business Unlimited Credit Card|0|Primary Rental Coverage|Primary coverage for business car rentals|Rental Cars|Per Claim|0|False|2025-12-24|Primary Coverage|Protection|0|N/A|ink-business-unlimited-credit-card
Discover|Discover it Secured Credit Card|0|Refundable Security Deposit|Graduates to unsecured card with consistent on-time payments|Credit Building|Ongoing|0|False|2025-12-24|Deposit Refund|Perk|0|N/A|discover-it-secured-credit-card
Synchrony|Best Buy Credit Card|0|Special Financing Offers|Available on qualifying Best Buy purchases|Financial Protection|Ongoing|0|False|2025-12-24|Special Financing|Perk|0|N/A|best-buy-credit-card
Chase|Prime Visa|0|No foreign transaction fees|Save 3% on international purchases|Fee Waiver|Ongoing|50|False|2025-12-24|No Foreign Fees|Waiver|0|Percent|prime-visa
American Express|Blue Business Plus Credit Card from American Express|0|Expanded Buying Power|Spend above your credit limit if needed|Financial Protection|Ongoing|0|False|2025-12-24|Buying Power|Perk|0|N/A|blue-business-plus-credit-card-from-american-express
American Express|Blue Business Cash™ Card from American Express|0|Expanded Buying Power|Spend above your credit limit if needed|Financial Protection|Ongoing|0|False|2025-12-24|Buying Power|Perk|0|N/A|blue-business-cash-card-from-american-express
Bank of America|Bank of America Customized Cash Rewards credit card for Students|0|Preferred Rewards Eligibility|Unlock higher rewards with linked bank balances|Rewards Bonus|Ongoing|0|False|2025-12-24|Preferred Rewards|Bonus|0|N/A|bank-of-america-customized-cash-rewards-credit-card-for-students
Citi|Citi Double Cash Card|0|Citi Entertainment|Presale tickets and preferred seating|Entertainment|Ongoing|0|False|2025-12-24|Presale Access|Perk|0|N/A|citi-double-cash-card
PNC|PNC Cash Rewards Visa Credit Card|0|PNC Cash Rewards Bonus|Redeem into a PNC account for extra value|Rewards Bonus|Ongoing|0|False|2025-12-24|Account Bonus|Bonus|0|N/A|pnc-cash-rewards-visa-credit-card